source,titles,links,covers
The Hindu,Electoral bond scheme’s alternative should be found: Amit Shah,https://www.thehindu.com/news/national/,
The Hindu,"Arvind Kejriwal moves Supreme Court, seeks extension of interim bail in excise policy case on health grounds",https://www.thehindu.com/news/national/,
The Hindu,PMLA court extends ED remand of Jharkhand Minister Alamgir Alam for three more days,https://www.thehindu.com/news/national/pmla-court-extends-ed-remand-of-jharkhand-minister-alamgir-alam-for-three-more-days/article68220922.ece,https://th-i.thgim.com/public/incoming/c2020z/article68220965.ece/alternates/SQUARE_80/20240522026L.jpg
The Hindu,DRDO chairman Samir V. Kamat gets one year extension,https://www.thehindu.com/news/national/drdo-chairman-samir-v-kamat-gets-one-year-extension/article68221881.ece,https://th-i.thgim.com/public/news/national/u69gp9/article68221934.ece/alternates/SQUARE_80/20240509235L.jpg
The Hindu,Prajwal Revanna says he will appear before SIT on May 31,https://www.thehindu.com/news/national/,
The Hindu,"TRP game zone fire: Gujarat HC raps Rajkot civic body, says it doesn't have faith in State machinery",https://www.thehindu.com/news/national/,
The Hindu,"After 7 newborns die, Delhi Government to direct hospitals to complete fire audit by June 8",https://www.thehindu.com/news/cities/Delhi/delhi-children-hospital-fire-seven-newborns-death-govt-to-direct-hospitals-to-complete-fire-audit/article68221057.ece,https://th-i.thgim.com/public/incoming/rt3bjz/article68221109.ece/alternates/SQUARE_80/PTI05_27_2024_000142A.jpg
The Hindu,"NIA arrests five in international human trafficking, cyber fraud case",https://www.thehindu.com/news/national/nia-arrests-five-in-international-human-trafficking-cyber-fraud-case/article68222850.ece,https://th-i.thgim.com/public/news/national/efs4eu/article52933734.ece/alternates/SQUARE_80/HANDCUFF-arrest
The Hindu,"With eye on Assembly polls, Ajit Pawar’s NCP makes noises about getting larger share of seats within Mahayuti",https://www.thehindu.com/news/national/with-eye-on-assembly-polls-ajit-pawars-ncp-makes-noises-about-getting-larger-share-of-seats-within-mahayuti/article68222469.ece,https://th-i.thgim.com/public/incoming/friygo/article68222677.ece/alternates/SQUARE_80/PTI05_27_2024_000211B.jpg
The Hindu,JMM leader Hemant Soren files bail petition in Jharkhand High Court,https://www.thehindu.com/news/national/jmm-leader-hemant-soren-files-bail-petition-in-jharkhand-high-court/article68221686.ece,https://th-i.thgim.com/public/incoming/m4qwkn/article68222757.ece/alternates/SQUARE_80/IMG_Hemant_Soren_attends_2_1_CGCR4V21.jpg
The Hindu,"Comedian arrested with Munawar Faruqi in 2021 says ‘career ruined, being harassed’",https://www.thehindu.com/news/national/comedian-arrested-with-munawar-faruqi-in-2021-says-career-ruined-being-harassed/article68222624.ece,https://th-i.thgim.com/public/incoming/syvv5y/article68222814.ece/alternates/SQUARE_80/Nalin%20yadav.jpg
The Hindu,DRDO chairman Samir V. Kamat gets one year extension,https://www.thehindu.com/news/national/drdo-chairman-samir-v-kamat-gets-one-year-extension/article68221881.ece,https://th-i.thgim.com/public/news/national/u69gp9/article68221934.ece/alternates/SQUARE_80/20240509235L.jpg
The Hindu,Nothing ‘corrupt’ if promises in manifesto work out eventually for public’s financial benefit: SC,https://www.thehindu.com/news/national/nothing-corrupt-if-promises-in-manifesto-work-out-eventually-for-publics-financial-benefit-sc/article68221425.ece,https://th-i.thgim.com/public/incoming/prlamg/article68221540.ece/alternates/SQUARE_80/IMG_SUPREME_COURT__DELHI_2_1_JQCR24LR.jpg
The Hindu,IMD retains ‘above normal’ forecast for monsoon,https://www.thehindu.com/news/national/indias-rain-fed-agricultural-areas-likely-to-receive-above-normal-monsoon-rain-this-year/article68221458.ece,https://th-i.thgim.com/public/news/national/1qxh6x/article68221487.ece/alternates/SQUARE_80/PTI04_04_2024_000214B.jpg
The Hindu,Daily Quiz: On Jawaharlal Nehru,https://www.thehindu.com/news/national/daily-quiz-on-jawaharlal-nehru/article68220466.ece,https://th-i.thgim.com/public/incoming/shzlsm/article68220471.ece/alternates/SQUARE_80/06_Nehru_Anniversary_14_11_Del.jpg
The Hindu,Prajwal Revanna says he will return on May 31 to appear before SIT,https://www.thehindu.com/news/national/prajwal-revanna-says-he-will-appear-before-sit-on-may-31/article68221258.ece,https://th-i.thgim.com/public/news/national/h754n3/article68221311.ece/alternates/SQUARE_80/9911_4_5_2024_17_55_36_3_PRAJWALREVANNA_1_COPY.JPG
The Hindu,Pune Porsche crash: Court allows police to take custody of teen’s father in kidnapping case,https://www.thehindu.com/news/national/pune-porche-crash-court-allows-police-to-take-custody-of-teens-father-in-kidnapping-case/article68221157.ece,https://th-i.thgim.com/public/incoming/654vkz/article68221252.ece/alternates/SQUARE_80/20240519247L.jpg
The Hindu,"Will return Padma award, says traditional medicine practitioner Hemchand Manjhi after threats from Naxalites",https://www.thehindu.com/news/national/will-return-padma-award-says-traditional-medicine-practitioner-hemchand-manjhi-after-threats-from-naxalites/article68221140.ece,https://th-i.thgim.com/public/news/national/w9otht/article68221168.ece/alternates/SQUARE_80/20240423187L.jpg
The Hindu,"Rajkot fire tragedy: Have no faith in State machinery, says Gujarat High Court",https://www.thehindu.com/news/national/trp-game-zone-fire-gujarat-hc-raps-rajkot-civic-body-says-it-doesnt-have-faith-in-state-machinery/article68221024.ece,https://th-i.thgim.com/public/incoming/qno2o3/article68221055.ece/alternates/SQUARE_80/IMG_AHMEDABAD___TRP_GAME_2_1_8KCRLABU.jpg
The Hindu,Electoral bond scheme’s alternative should be found: Amit Shah,https://www.thehindu.com/news/national/electoral-bond-schemes-alternative-should-be-found-amit-shah/article68221015.ece,https://th-i.thgim.com/public/incoming/ouyt0r/article68221040.ece/alternates/SQUARE_80/PTI05_25_2024_000449B.jpg
The Hindu,Court extends Alamgir Alam’s remand for second time,https://www.thehindu.com/news/national/pmla-court-extends-ed-remand-of-jharkhand-minister-alamgir-alam-for-three-more-days/article68220922.ece,https://th-i.thgim.com/public/incoming/c2020z/article68220965.ece/alternates/SQUARE_80/20240522026L.jpg
